"Time_Iter","Outer_Iter","Inner_Iter",     "rms[P]"     ,     "rms[U]"     ,     "rms[V]"     ,     "rms[k]"     ,     "rms[w]"     
          0,           0,           4,      -4.670363746,      -4.582319138,      -4.444770664,      -4.180532514,       1.677244868
          1,           0,           4,      -4.791699914,      -4.675603339,      -4.511040715,      -5.311185378,      0.6208391025
          2,           0,           4,      -4.841874393,      -4.708622533,      -4.546713742,      -5.781579896,       2.801610892
